Code Issue / Anti-Pattern Identified,What the Issue Is,Topic / Framework(s),Area / Pillar,Coding Agent Recommended,Non-AI Open Source Tool(s),Why This Matters
Host permissions declared for all URLs where a narrow match would do,"The manifest requests host permissions for all URLs when the extension only needs to operate on a specific set of sites. Users see a broad permission warning at install, store review is stricter, and the extension holds access it never uses. Narrowing the match patterns is usually a small change to the manifest.","Browser extension platform policy, Zero Trust","Security, Privacy",❌ Not required,"web-ext lint, manifest linters",Review friction and user distrust for capability the extension does not use.
Content script injected into every origin including banking and health sites,"A content script is injected into every page the user visits, including banking, health and internal corporate sites, because the match pattern was written broadly for convenience. The extension therefore has read access to content it has no purpose for. It is both a privacy exposure and one of the most common causes of store removal.","Platform policy, Privacy/GDPR",Privacy,✅ Yes,web-ext lint (partial),"The extension observes pages it has no purpose on, which is both a privacy exposure and a store rejection risk."
Remote code fetched and evaluated at runtime,"The extension downloads code at runtime and evaluates it, or loads a remote script into an extension page. Manifest V3 and the store policies prohibit this because the reviewed code is then not the code that runs. It also means a compromise of the hosting server becomes a compromise of every installation.","Platform policy (MV3), SLSA",Supply Chain,❌ Not required,"web-ext lint, store review tooling","Explicitly prohibited, and the shipped review no longer describes what runs."
Message passing without validating the sender extension or tab origin,"A message listener in the background service worker acts on incoming messages without verifying the sender's extension identifier, tab or origin. Web pages and other extensions can send messages to a listener that was written expecting only the extension's own content scripts. Privileged operations become callable from outside.","Zero Trust, OWASP",Security,✅ Yes,None,Any page or extension can invoke privileged background handlers.
Page DOM trusted as input to a privileged background handler,"A content script reads values from the page and passes them to a background handler that treats them as trusted, for example as a URL to fetch or an identifier to act on. The content script sits exactly on the boundary between untrusted page content and privileged extension code. Recognising the boundary requires reading both sides together.","OWASP, CWE Top 25",Security,✅ Yes,None,"The content script sits on the trust boundary, and the boundary is only visible by reading both sides."
innerHTML used with page-derived content in extension UI,"Content taken from the page is inserted into the extension's own UI using innerHTML or an equivalent. Script in that content then executes inside a context that holds the extension's permissions, which is considerably more damaging than the same defect on an ordinary web page. Standard linters detect the assignment.","OWASP, CWE Top 25",Security,❌ Not required,"ESLint, Semgrep",Cross-site scripting inside a context that holds extension permissions.
Tokens or user data stored unencrypted in extension storage,"Access tokens, credentials or personal data are written to chrome.storage.local or localStorage in plain form. Extension storage is a file in the browser profile and is readable by anything with local access to the machine or the profile directory. Synchronised storage additionally distributes it across devices.","OWASP, Privacy/GDPR",Privacy,⚠️ Partial,None,Extension storage is readable by anything with local access to the profile.
Data sent to an analytics endpoint not disclosed in the privacy policy,"The extension sends browsing data, page content or usage information to an analytics or backend endpoint that its privacy policy and store listing do not describe. Detecting it requires following the data from where it is collected to where it leaves. Undisclosed data collection is the fastest route to removal from a store.","Privacy/GDPR, platform policy",Compliance,✅ Yes,None,"Finding it requires following the data from collection to egress, and it is the fastest route to a store takedown."
"Service worker assumed persistent, state lost on termination","Under Manifest V3 the background context is a service worker that the browser terminates when idle, but the code keeps state in module-level variables as though it persisted. State is lost between invocations. It works throughout development, where the worker is kept alive, and fails for users after a short idle period.",Platform policy (MV3),Correctness,✅ Yes,None,The extension works during development and loses state for real users after idle timeout.
All permissions requested at install rather than optionally at point of use,"Every permission the extension might ever need is declared in the manifest and requested at install time, rather than declared as optional and requested when the relevant feature is first used. The install-time permission warning is a major factor in whether users complete installation. The extension also holds capability before there is any reason to.","Platform policy, Privacy by Design",Privacy,⚠️ Partial,None,Install conversion drops and the extension holds capability before it needs it.
Injected CSS or DOM modification with no scoping,"Styles or DOM changes injected into the host page are written without scoping, using broad selectors or global rules. They then affect elements the extension did not intend to touch and break the site's own layout. The site's owner receives the bug report and cannot reproduce it.",Web platform practice,Usability,⚠️ Partial,None,"The extension breaks host page layout, and the host site gets the bug report."
No kill switch or update path when a host site changes its DOM,"The extension depends on the structure of a third-party site's DOM, and has no server-controlled way to disable a feature or adjust its selectors when that site changes. Since the site can change at any time without notice, the extension breaks on someone else's schedule. Every fix requires a new store submission and review.","Release It!, DORA",Stability,✅ Yes,None,"The extension breaks on a schedule set by someone else, with no way to degrade gracefully."
Extension update URL or ID not pinned,"The extension's identifier or update URL is not pinned, so a sideloaded or repackaged build can present itself as the same extension. Users cannot distinguish the published build from a modified one. It also complicates any attempt to verify what is actually installed.","SLSA, NIST SSDF",Supply Chain,⚠️ Partial,None,Sideloaded or spoofed builds can impersonate the published extension.
Bundled third-party script with no integrity check or version pin,"A third-party library is bundled into the extension without a pinned version or an integrity check. Whatever that library does, it does with the extension's permissions, which typically include access to page content across many sites. A compromise upstream propagates to every user on the next release.","SLSA, NIST SSDF",Supply Chain,❌ Not required,"Retire.js, Dependabot, npm audit",A compromised dependency ships with extension privileges to every installed user.